column,missing_count,missing_share,dtype_example,feature_group
pct_change_1w,326646,0.24091603053435115,float64,temporal_demand
ratio_to_8w_mean,181295,0.13371316886086218,float64,temporal_demand
ratio_to_12w_mean,166347,0.12268835048124793,float64,temporal_demand
lag_52w_count,122616,0.09043478260869565,float64,temporal_demand
lag_12w_count,28296,0.020869565217391306,float64,temporal_demand
rolling_12w_mean,28296,0.020869565217391306,float64,temporal_demand
rolling_12w_std,28296,0.020869565217391306,float64,temporal_demand
rolling_12w_sum,28296,0.020869565217391306,float64,temporal_demand
abnormal_increase_next_week,21222,0.01565217391304348,float64,target
abnormal_threshold_8w,18864,0.01391304347826087,float64,target
lag_8w_count,18864,0.01391304347826087,float64,temporal_demand
rolling_8w_mean,18864,0.01391304347826087,float64,temporal_demand
rolling_8w_std,18864,0.01391304347826087,float64,temporal_demand
rolling_8w_sum,18864,0.01391304347826087,float64,temporal_demand
diff_4w_count,9432,0.006956521739130435,float64,temporal_demand
lag_4w_count,9432,0.006956521739130435,float64,temporal_demand
rolling_4w_mean,9432,0.006956521739130435,float64,temporal_demand
rolling_4w_std,9432,0.006956521739130435,float64,temporal_demand
rolling_4w_sum,9432,0.006956521739130435,float64,temporal_demand
lag_2w_count,4716,0.0034782608695652175,float64,temporal_demand
diff_1w_count,2358,0.0017391304347826088,float64,temporal_demand
lag_1w_count,2358,0.0017391304347826088,float64,temporal_demand
target_next_week_count,2358,0.0017391304347826088,float64,target
target_week,2358,0.0017391304347826088,datetime64[us],id_metadata
target_year,2358,0.0017391304347826088,Int16,id_metadata
borocode,0,0.0,float64,id_metadata
boroname,0,0.0,str,id_metadata
cdta2020,0,0.0,str,id_metadata
cdtaname,0,0.0,str,id_metadata
cold_day_0c_count,0,0.0,float64,weather
complaint_category,0,0.0,str,id_metadata
complaint_category_label,0,0.0,str,id_metadata
complaint_count,0,0.0,int64,current_demand
external_features_merged_flag,0,0.0,int8,quality_flag
final_train_ready_flag,0,0.0,int8,quality_flag
has_min_history_12w,0,0.0,int8,quality_flag
has_target_next_week,0,0.0,int8,quality_flag
heavy_rain_day_25mm_count,0,0.0,float64,weather
heavy_snow_day_25mm_count,0,0.0,float64,other
history_weeks_available,0,0.0,int64,temporal_demand
hot_day_30c_count,0,0.0,float64,weather
hot_day_35c_count,0,0.0,float64,weather
ice_day_tmax_0c_count,0,0.0,float64,other
is_covid_period,0,0.0,int64,calendar_period
is_train_ready_temporal,0,0.0,int64,quality_flag
is_year_end,0,0.0,int64,calendar_period
is_year_start,0,0.0,int64,calendar_period
iso_year,0,0.0,int64,calendar_period
moderate_rain_day_10mm_count,0,0.0,float64,other
month,0,0.0,int64,calendar_period
nta2020,0,0.0,string,id_metadata
nta_area_km2,0,0.0,float64,pluto_landuse_built_environment
ntaname,0,0.0,str,id_metadata
osm_merge_key_present,0,0.0,int8,other
osm_missing_flag,0,0.0,int8,quality_flag
osm_zero_poi_flag,0,0.0,int8,quality_flag
period_type,0,0.0,str,calendar_period
pluto_avg_num_floors,0,0.0,float64,pluto_landuse_built_environment
pluto_building_area_to_lot_area_ratio,0,0.0,float64,pluto_landuse_built_environment
pluto_commercial_area_ratio,0,0.0,float64,pluto_landuse_built_environment
pluto_lot_area_commercial,0,0.0,float64,pluto_landuse_built_environment
pluto_lot_area_industrial,0,0.0,float64,pluto_landuse_built_environment
pluto_lot_area_mixed_use,0,0.0,float64,pluto_landuse_built_environment
pluto_lot_area_open_space,0,0.0,float64,pluto_landuse_built_environment
pluto_lot_area_parking,0,0.0,float64,pluto_landuse_built_environment
pluto_lot_area_public_facility,0,0.0,float64,pluto_landuse_built_environment
pluto_lot_area_ratio_commercial,0,0.0,float64,pluto_landuse_built_environment
pluto_lot_area_ratio_industrial,0,0.0,float64,pluto_landuse_built_environment
pluto_lot_area_ratio_mixed_use,0,0.0,float64,pluto_landuse_built_environment
pluto_lot_area_ratio_open_space,0,0.0,float64,pluto_landuse_built_environment
pluto_lot_area_ratio_parking,0,0.0,float64,pluto_landuse_built_environment
pluto_lot_area_ratio_public_facility,0,0.0,float64,pluto_landuse_built_environment
pluto_lot_area_ratio_residential,0,0.0,float64,pluto_landuse_built_environment
pluto_lot_area_ratio_transportation_utility,0,0.0,float64,pluto_landuse_built_environment
pluto_lot_area_ratio_unknown,0,0.0,float64,pluto_landuse_built_environment
pluto_lot_area_ratio_vacant,0,0.0,float64,pluto_landuse_built_environment
pluto_lot_area_residential,0,0.0,float64,pluto_landuse_built_environment
pluto_lot_area_transportation_utility,0,0.0,float64,pluto_landuse_built_environment
pluto_lot_area_unknown,0,0.0,float64,pluto_landuse_built_environment
pluto_lot_area_vacant,0,0.0,float64,pluto_landuse_built_environment
pluto_lot_count,0,0.0,float64,pluto_landuse_built_environment
pluto_lot_count_commercial,0,0.0,float64,pluto_landuse_built_environment
pluto_lot_count_industrial,0,0.0,float64,pluto_landuse_built_environment
pluto_lot_count_mixed_use,0,0.0,float64,pluto_landuse_built_environment
pluto_lot_count_open_space,0,0.0,float64,pluto_landuse_built_environment
pluto_lot_count_parking,0,0.0,float64,pluto_landuse_built_environment
pluto_lot_count_public_facility,0,0.0,float64,pluto_landuse_built_environment
pluto_lot_count_residential,0,0.0,float64,pluto_landuse_built_environment
pluto_lot_count_transportation_utility,0,0.0,float64,pluto_landuse_built_environment
pluto_lot_count_unknown,0,0.0,float64,pluto_landuse_built_environment
pluto_lot_count_vacant,0,0.0,float64,pluto_landuse_built_environment
pluto_merge_key_present,0,0.0,int8,pluto_landuse_built_environment
pluto_office_area_ratio,0,0.0,float64,pluto_landuse_built_environment
pluto_parcel_count,0,0.0,float64,pluto_landuse_built_environment
pluto_parcel_density_per_km2,0,0.0,float64,pluto_landuse_built_environment
pluto_residential_area_ratio,0,0.0,float64,pluto_landuse_built_environment
pluto_retail_area_ratio,0,0.0,float64,pluto_landuse_built_environment
pluto_source_missing_flag,0,0.0,int8,pluto_landuse_built_environment
pluto_table_missing_flag,0,0.0,int8,pluto_landuse_built_environment
pluto_total_building_area,0,0.0,float64,pluto_landuse_built_environment
pluto_total_buildings,0,0.0,float64,pluto_landuse_built_environment
pluto_total_commercial_area,0,0.0,float64,pluto_landuse_built_environment
pluto_total_factory_area,0,0.0,float64,pluto_landuse_built_environment
pluto_total_garage_area,0,0.0,float64,pluto_landuse_built_environment
pluto_total_lot_area,0,0.0,float64,pluto_landuse_built_environment
pluto_total_office_area,0,0.0,float64,pluto_landuse_built_environment
pluto_total_other_area,0,0.0,float64,pluto_landuse_built_environment
pluto_total_residential_area,0,0.0,float64,pluto_landuse_built_environment
pluto_total_residential_units,0,0.0,float64,pluto_landuse_built_environment
pluto_total_retail_area,0,0.0,float64,pluto_landuse_built_environment
pluto_total_storage_area,0,0.0,float64,pluto_landuse_built_environment
pluto_total_units,0,0.0,float64,pluto_landuse_built_environment
poi_accommodation_count,0,0.0,int64,osm_poi
poi_accommodation_density_per_km2,0,0.0,float64,osm_poi
poi_accommodation_share,0,0.0,float64,osm_poi
poi_commercial_activity_count,0,0.0,int64,osm_poi
poi_commercial_activity_density_per_km2,0,0.0,float64,osm_poi
poi_commercial_activity_share,0,0.0,float64,osm_poi
poi_culture_tourism_count,0,0.0,int64,osm_poi
poi_culture_tourism_density_per_km2,0,0.0,float64,osm_poi
poi_culture_tourism_share,0,0.0,float64,osm_poi
poi_daily_activity_count,0,0.0,int64,osm_poi
poi_daily_activity_density_per_km2,0,0.0,float64,osm_poi
poi_daily_activity_share,0,0.0,float64,osm_poi
poi_density_per_km2,0,0.0,float64,osm_poi
poi_dominant_semantic_category,0,0.0,str,osm_poi
poi_dominant_semantic_category_label,0,0.0,str,osm_poi
poi_dominant_semantic_category_share,0,0.0,float64,osm_poi
poi_education_count,0,0.0,int64,osm_poi
poi_education_density_per_km2,0,0.0,float64,osm_poi
poi_education_share,0,0.0,float64,osm_poi
poi_emergency_safety_count,0,0.0,int64,osm_poi
poi_emergency_safety_density_per_km2,0,0.0,float64,osm_poi
poi_emergency_safety_share,0,0.0,float64,osm_poi
poi_employment_industrial_count,0,0.0,int64,osm_poi
poi_employment_industrial_density_per_km2,0,0.0,float64,osm_poi
poi_employment_industrial_share,0,0.0,float64,osm_poi
poi_finance_count,0,0.0,int64,osm_poi
poi_finance_density_per_km2,0,0.0,float64,osm_poi
poi_finance_share,0,0.0,float64,osm_poi
poi_food_drink_count,0,0.0,int64,osm_poi
poi_food_drink_density_per_km2,0,0.0,float64,osm_poi
poi_food_drink_share,0,0.0,float64,osm_poi
poi_healthcare_count,0,0.0,int64,osm_poi
poi_healthcare_density_per_km2,0,0.0,float64,osm_poi
poi_healthcare_share,0,0.0,float64,osm_poi
poi_industrial_logistics_count,0,0.0,int64,osm_poi
poi_industrial_logistics_density_per_km2,0,0.0,float64,osm_poi
poi_industrial_logistics_share,0,0.0,float64,osm_poi
poi_log1p_density_per_km2,0,0.0,float64,osm_poi
poi_log1p_total_count,0,0.0,float64,osm_poi
poi_mixed_use_index,0,0.0,float64,osm_poi
poi_mobility_access_count,0,0.0,int64,osm_poi
poi_mobility_access_density_per_km2,0,0.0,float64,osm_poi
poi_mobility_access_share,0,0.0,float64,osm_poi
poi_named_count,0,0.0,int64,osm_poi
poi_named_share,0,0.0,float64,osm_poi
poi_office_work_count,0,0.0,int64,osm_poi
poi_office_work_density_per_km2,0,0.0,float64,osm_poi
poi_office_work_share,0,0.0,float64,osm_poi
poi_osm_tag_amenity_count,0,0.0,int64,osm_poi
poi_osm_tag_amenity_share,0,0.0,float64,osm_poi
poi_osm_tag_highway_count,0,0.0,int64,osm_poi
poi_osm_tag_highway_share,0,0.0,float64,osm_poi
poi_osm_tag_leisure_count,0,0.0,int64,osm_poi
poi_osm_tag_leisure_share,0,0.0,float64,osm_poi
poi_osm_tag_public_transport_count,0,0.0,int64,osm_poi
poi_osm_tag_public_transport_share,0,0.0,float64,osm_poi
poi_osm_tag_railway_count,0,0.0,int64,osm_poi
poi_osm_tag_railway_share,0,0.0,float64,osm_poi
poi_osm_tag_shop_count,0,0.0,int64,osm_poi
poi_osm_tag_shop_share,0,0.0,float64,osm_poi
poi_osm_tag_tourism_count,0,0.0,int64,osm_poi
poi_osm_tag_tourism_share,0,0.0,float64,osm_poi
poi_other_count,0,0.0,int64,osm_poi
poi_other_density_per_km2,0,0.0,float64,osm_poi
poi_other_share,0,0.0,float64,osm_poi
poi_public_service_count,0,0.0,int64,osm_poi
poi_public_service_density_per_km2,0,0.0,float64,osm_poi
poi_public_service_share,0,0.0,float64,osm_poi
poi_recreation_environment_count,0,0.0,int64,osm_poi
poi_recreation_environment_density_per_km2,0,0.0,float64,osm_poi
poi_recreation_environment_share,0,0.0,float64,osm_poi
poi_recreation_green_count,0,0.0,int64,osm_poi
poi_recreation_green_density_per_km2,0,0.0,float64,osm_poi
poi_recreation_green_share,0,0.0,float64,osm_poi
poi_religion_count,0,0.0,int64,osm_poi
poi_religion_density_per_km2,0,0.0,float64,osm_poi
poi_religion_share,0,0.0,float64,osm_poi
poi_retail_count,0,0.0,int64,osm_poi
poi_retail_density_per_km2,0,0.0,float64,osm_poi
poi_retail_share,0,0.0,float64,osm_poi
poi_safety_public_service_count,0,0.0,int64,osm_poi
poi_safety_public_service_density_per_km2,0,0.0,float64,osm_poi
poi_safety_public_service_share,0,0.0,float64,osm_poi
poi_semantic_entropy,0,0.0,float64,osm_poi
poi_semantic_entropy_norm,0,0.0,float64,osm_poi
poi_semantic_hhi,0,0.0,float64,osm_poi
poi_social_infrastructure_count,0,0.0,int64,osm_poi
poi_social_infrastructure_density_per_km2,0,0.0,float64,osm_poi
poi_social_infrastructure_share,0,0.0,float64,osm_poi
poi_total_count,0,0.0,int64,osm_poi
poi_transport_count,0,0.0,int64,osm_poi
poi_transport_density_per_km2,0,0.0,float64,osm_poi
poi_transport_share,0,0.0,float64,osm_poi
poi_unique_raw_type_count,0,0.0,int64,osm_poi
poi_unique_semantic_category_count,0,0.0,int64,osm_poi
poi_with_any_detected_tag_count,0,0.0,int64,osm_poi
poi_with_any_detected_tag_share,0,0.0,float64,osm_poi
poi_with_valid_coordinate_count,0,0.0,int64,osm_poi
poi_with_valid_coordinate_share,0,0.0,float64,osm_poi
quarter,0,0.0,int64,calendar_period
rain_day_count,0,0.0,float64,weather
snow_day_count,0,0.0,float64,weather
time_split,0,0.0,object,id_metadata
very_cold_day_minus5c_count,0,0.0,float64,other
very_heavy_rain_day_50mm_count,0,0.0,float64,other
weather_awnd_max,0,0.0,float64,weather
weather_awnd_mean,0,0.0,float64,weather
weather_complete_week_flag,0,0.0,int8,weather
weather_days_missing_in_week,0,0.0,int64,weather
weather_days_observed,0,0.0,int64,weather
weather_incomplete_week_flag,0,0.0,int8,weather
weather_iso_year,0,0.0,int64,weather
weather_merge_key_present,0,0.0,int8,weather
weather_min_days_ok_flag,0,0.0,int8,weather
weather_missing_flag,0,0.0,int8,weather
weather_month,0,0.0,int64,weather
weather_prcp_max,0,0.0,float64,weather
weather_prcp_mean,0,0.0,float64,weather
weather_prcp_station_max,0,0.0,float64,weather
weather_prcp_sum,0,0.0,float64,weather
weather_quarter,0,0.0,int64,weather
weather_snow_max,0,0.0,float64,weather
weather_snow_mean,0,0.0,float64,weather
weather_snow_sum,0,0.0,float64,weather
weather_snwd_max,0,0.0,float64,weather
weather_snwd_mean,0,0.0,float64,weather
weather_source_rows,0,0.0,int64,weather
weather_tavg_mean,0,0.0,float64,weather
weather_tmax_max,0,0.0,float64,weather
weather_tmax_mean,0,0.0,float64,weather
weather_tmax_min,0,0.0,float64,weather
weather_tmax_station_max,0,0.0,float64,weather
weather_tmin_max,0,0.0,float64,weather
weather_tmin_mean,0,0.0,float64,weather
weather_tmin_min,0,0.0,float64,weather
weather_week_end,0,0.0,str,weather
weather_week_of_year,0,0.0,int64,weather
weather_year,0,0.0,int64,weather
week_end,0,0.0,str,id_metadata
week_of_year,0,0.0,int64,calendar_period
week_start,0,0.0,datetime64[us],id_metadata
year,0,0.0,int64,calendar_period
